Unnamed: 0,date,deaths_total,natl_total,natl_ratio,month,region,deaths_total_lag1,deaths_total_lag12,rate,cremations,rate_est,cremations_est
,1998-01-01,1891,20478.0,0.9090335150065352,1,경북,1893.0,2034.0,,,40.0,756
,1998-02-01,1709,19095.0,0.8476411255518015,2,경북,1891.0,1774.0,,,40.0,684
,1998-03-01,1899,20802.0,0.9234161138375792,3,경북,1709.0,1978.0,,,40.0,760
,1998-04-01,1924,20338.0,0.902818811807936,4,경북,1899.0,1819.0,,,40.0,770
,1998-05-01,1820,20376.0,0.9045056598189845,5,경북,1924.0,1863.0,,,40.0,728
,1998-06-01,1764,19466.0,0.8641100890280895,6,경북,1820.0,1861.0,,,40.0,706
,1998-07-01,1715,19309.0,0.8571407432982318,7,경북,1764.0,1781.0,,,40.0,686
,1998-08-01,1761,20204.0,0.896870453032134,8,경북,1715.0,1772.0,,,40.0,704
,1998-09-01,1810,19906.0,0.8836420133665441,9,경북,1761.0,1771.0,,,40.0,724
,1998-10-01,1940,21273.0,0.9443241510271524,10,경북,1810.0,1965.0,,,40.0,776
,1998-11-01,1907,21117.0,0.9373991960344276,11,경북,1940.0,1893.0,,,40.0,763
,1998-12-01,2021,23461.0,1.0414510838738316,12,경북,1907.0,1893.0,,,40.0,808
,1999-01-01,2179,23193.0,1.0295543663222275,1,경북,2021.0,1891.0,,,42.666666666666664,930
,1999-02-01,1720,18865.0,0.8374312560112457,2,경북,2179.0,1709.0,,,42.666666666666664,734
,1999-03-01,2057,21052.0,0.9345137981207922,3,경북,1720.0,1899.0,,,42.666666666666664,878
,1999-04-01,1826,20309.0,0.9015314804310832,4,경북,2057.0,1924.0,,,42.666666666666664,779
,1999-05-01,1888,20788.0,0.9227946435177192,5,경북,1826.0,1820.0,,,42.666666666666664,806
,1999-06-01,1784,19884.0,0.8826654171496214,6,경북,1888.0,1764.0,,,42.666666666666664,761
,1999-07-01,1783,19228.0,0.8535450935904708,7,경북,1784.0,1715.0,,,42.666666666666664,761
,1999-08-01,1775,19921.0,0.884307874423537,8,경북,1783.0,1761.0,,,42.666666666666664,757
,1999-09-01,1847,19583.0,0.8693038052726331,9,경북,1775.0,1810.0,,,42.666666666666664,788
,1999-10-01,1888,21795.0,0.9674961158105008,10,경북,1847.0,1940.0,,,42.666666666666664,806
,1999-11-01,1863,20780.0,0.9224395176206563,11,경북,1888.0,1907.0,,,42.666666666666664,795
,1999-12-01,1931,22336.0,0.9915115045993736,12,경북,1863.0,2021.0,,,42.666666666666664,824
,2000-01-01,2230,24457.0,1.085664258058152,1,경북,1931.0,2179.0,,,45.333333333333336,1011
,2000-02-01,1899,20306.0,0.9013983082196848,2,경북,2230.0,1720.0,,,45.333333333333336,861
,2000-03-01,1887,21592.0,0.958484796172532,3,경북,1899.0,2057.0,,,45.333333333333336,855
,2000-04-01,1802,20420.0,0.9064588522528298,4,경북,1887.0,1826.0,,,45.333333333333336,817
,2000-05-01,1781,19862.0,0.8816888209326987,5,경북,1802.0,1888.0,,,45.333333333333336,807
,2000-06-01,1660,18786.0,0.8339243877777504,6,경북,1781.0,1784.0,,,45.333333333333336,753
,2000-07-01,1737,19293.0,0.8564304915041061,7,경북,1660.0,1783.0,,,45.333333333333336,787
,2000-08-01,1688,19798.0,0.8788478137561961,8,경북,1737.0,1775.0,,,45.333333333333336,765
,2000-09-01,1724,20182.0,0.8958938568152112,9,경북,1688.0,1847.0,,,45.333333333333336,782
,2000-10-01,1840,21825.0,0.9688278379244863,10,경북,1724.0,1888.0,,,45.333333333333336,834
,2000-11-01,1871,21068.0,0.9352240499149176,11,경북,1840.0,1863.0,,,45.333333333333336,848
,2000-12-01,1861,21151.0,0.9389084810969444,12,경북,1871.0,1931.0,,,45.333333333333336,844
,2001-01-01,1840,21077.0,0.9356235665491134,1,경북,1861.0,2230.0,,,48.0,883
,2001-02-01,1770,19710.0,0.8749414288885052,2,경북,1840.0,1899.0,,,48.0,850
,2001-03-01,2054,22168.0,0.9840538607610544,3,경북,1770.0,1887.0,,,48.0,986
,2001-04-01,1808,20977.0,0.9311844928358284,4,경북,2054.0,1802.0,,,48.0,868
,2001-05-01,1852,20435.0,0.9071247133098228,5,경북,1808.0,1781.0,,,48.0,889
,2001-06-01,1655,18773.0,0.8333473081950233,6,경북,1852.0,1660.0,,,48.0,794
,2001-07-01,1616,19500.0,0.8656193740906064,7,경북,1655.0,1737.0,,,48.0,776
,2001-08-01,1672,19374.0,0.8600261412118672,8,경북,1616.0,1688.0,,,48.0,803
,2001-09-01,1634,19221.0,0.8532343584305409,9,경북,1672.0,1724.0,,,48.0,784
,2001-10-01,1848,21100.0,0.936644553503169,10,경북,1634.0,1840.0,,,48.0,887
,2001-11-01,1782,20751.0,0.9211521862438038,11,경북,1848.0,1871.0,,,48.0,855
,2001-12-01,1787,20727.0,0.9200868085526154,12,경북,1782.0,1861.0,,,48.0,858
,2002-01-01,1805,20640.0,0.9162248144220572,1,경북,1787.0,1840.0,,,50.666666666666664,915
,2002-02-01,1589,18373.0,0.8155910133418827,2,경북,1805.0,1770.0,,,50.666666666666664,805
,2002-03-01,1872,21223.0,0.9421046141705096,3,경북,1589.0,2054.0,,,50.666666666666664,948
,2002-04-01,1791,20595.0,0.914227231251079,4,경북,1872.0,1808.0,,,50.666666666666664,907
,2002-05-01,1774,20416.0,0.9062812893042984,5,경북,1791.0,1852.0,,,50.666666666666664,899
,2002-06-01,1687,18968.0,0.8420035019359293,6,경북,1774.0,1655.0,,,50.666666666666664,855
,2002-07-01,1637,19339.0,0.8584724654122173,7,경북,1687.0,1616.0,,,50.666666666666664,829
,2002-08-01,1694,19793.0,0.8786258600705319,8,경북,1637.0,1672.0,,,50.666666666666664,858
,2002-09-01,1808,19947.0,0.8854620335889911,9,경북,1694.0,1634.0,,,50.666666666666664,916
,2002-10-01,1808,21585.0,0.958174061012602,10,경북,1808.0,1848.0,,,50.666666666666664,916
,2002-11-01,1884,22413.0,0.9949295913586031,11,경북,1808.0,1782.0,,,50.666666666666664,955
,2002-12-01,2176,24232.0,1.0756763422032602,12,경북,1884.0,1787.0,,,50.666666666666664,1103
,2003-01-01,1885,21853.0,0.9700707785642062,1,경북,2176.0,1805.0,,,53.33333333333333,1005
,2003-02-01,1707,19468.0,0.8641988705023551,2,경북,1885.0,1589.0,,,53.33333333333333,910
,2003-03-01,1847,20662.0,0.91720141063898,3,경북,1707.0,1872.0,,,53.33333333333333,985
,2003-04-01,1707,20096.0,0.892076253421786,4,경북,1847.0,1791.0,,,53.33333333333333,910
,2003-05-01,1743,20566.0,0.9129398998742262,5,경북,1707.0,1774.0,,,53.33333333333333,930
,2003-06-01,1629,18961.0,0.8416927667759994,6,경북,1743.0,1687.0,,,53.33333333333333,869
,2003-07-01,1687,19446.0,0.8632222742854324,7,경북,1629.0,1637.0,,,53.33333333333333,900
,2003-08-01,1744,20015.0,0.888480603714025,8,경북,1687.0,1694.0,,,53.33333333333333,930
,2003-09-01,1749,20309.0,0.9015314804310832,9,경북,1744.0,1808.0,,,53.33333333333333,933
,2003-10-01,1865,22048.0,0.9787269723051124,10,경북,1749.0,1808.0,,,53.33333333333333,995
,2003-11-01,1856,21396.0,0.9497842116944932,11,경북,1865.0,1884.0,,,53.33333333333333,990
,2003-12-01,1777,21643.0,0.9607487237663074,12,경북,1856.0,2176.0,,,53.33333333333333,948
,2004-01-01,1822,21319.0,0.9463661249352636,1,경북,1777.0,1885.0,,,56.0,1020
,2004-02-01,1685,20464.0,0.9084120446866754,2,경북,1822.0,1707.0,,,56.0,944
,2004-03-01,1971,22377.0,0.9933315248218204,3,경북,1685.0,1847.0,,,56.0,1104
,2004-04-01,1740,20976.0,0.9311401020986954,4,경북,1971.0,1707.0,,,56.0,974
,2004-05-01,1703,20768.0,0.9219068287750622,5,경북,1740.0,1743.0,,,56.0,954
,2004-06-01,1609,19027.0,0.8446225554267676,6,경북,1703.0,1629.0,,,56.0,901
,2004-07-01,1607,19641.0,0.8718784680263385,7,경북,1609.0,1687.0,,,56.0,900
,2004-08-01,1594,19944.0,0.8853288613775925,8,경북,1607.0,1744.0,,,56.0,893
,2004-09-01,1652,19273.0,0.8555426767614491,9,경북,1594.0,1749.0,,,56.0,925
,2004-10-01,1784,21217.0,0.9418382697477128,10,경북,1652.0,1865.0,,,56.0,999
,2004-11-01,1726,20274.0,0.8999778046314335,11,경북,1784.0,1856.0,,,56.0,967
,2004-12-01,1791,20940.0,0.9295420355619128,12,경북,1726.0,1777.0,,,56.0,1003
,2005-01-01,1740,21762.0,0.9660312214851168,1,경북,1791.0,1822.0,,,58.666666666666664,1021
,2005-02-01,1562,19057.0,0.8459542775407531,2,경북,1740.0,1685.0,,,58.666666666666664,916
,2005-03-01,1801,21855.0,0.970159560038472,3,경북,1562.0,1971.0,,,58.666666666666664,1057
,2005-04-01,1779,21087.0,0.936067473920442,4,경북,1801.0,1740.0,,,58.666666666666664,1044
,2005-05-01,1750,21132.0,0.9380650570914202,5,경북,1779.0,1703.0,,,58.666666666666664,1027
,2005-06-01,1628,19105.0,0.84808503292313,6,경북,1750.0,1609.0,,,58.666666666666664,955
,2005-07-01,1558,19377.0,0.8601593134232657,7,경북,1628.0,1607.0,,,58.666666666666664,914
,2005-08-01,1641,19485.0,0.8649535130336137,8,경북,1558.0,1594.0,,,58.666666666666664,963
,2005-09-01,1559,18970.0,0.842092283410195,9,경북,1641.0,1652.0,,,58.666666666666664,915
,2005-10-01,1691,21268.0,0.944102197341488,10,경북,1559.0,1784.0,,,58.666666666666664,992
,2005-11-01,1790,20869.0,0.9263902932254804,11,경북,1691.0,1726.0,,,58.666666666666664,1050
,2005-12-01,1811,21907.0,0.9724678783693802,12,경북,1790.0,1791.0,,,58.666666666666664,1062
,2006-01-01,1784,21552.0,0.956709166687218,1,경북,1811.0,1740.0,,,61.33333333333333,1094
,2006-02-01,1586,19145.0,0.849860662408444,2,경북,1784.0,1562.0,,,61.33333333333333,973
,2006-03-01,1723,21264.0,0.9439246343929568,3,경북,1586.0,1801.0,,,61.33333333333333,1057
,2006-04-01,1613,20360.0,0.9037954080248588,4,경북,1723.0,1779.0,,,61.33333333333333,989
,2006-05-01,1655,20446.0,0.907613011418284,5,경북,1613.0,1750.0,,,61.33333333333333,1015
,2006-06-01,1618,19005.0,0.8436459592098449,6,경북,1655.0,1628.0,,,61.33333333333333,992
,2006-07-01,1579,19481.0,0.8647759500850822,7,경북,1618.0,1558.0,,,61.33333333333333,968
,2006-08-01,1599,20147.0,0.8943401810155615,8,경북,1579.0,1641.0,,,61.33333333333333,981
,2006-09-01,1643,19730.0,0.8758292436311623,9,경북,1599.0,1559.0,,,61.33333333333333,1008
,2006-10-01,1678,20467.0,0.908545216898074,10,경북,1643.0,1691.0,,,61.33333333333333,1029
,2006-11-01,1674,20911.0,0.92825470418506,11,경북,1678.0,1790.0,,,61.33333333333333,1027
,2006-12-01,1791,21654.0,0.9612370218747688,12,경북,1674.0,1811.0,,,61.33333333333333,1098
,2007-01-01,1874,22723.0,1.0086907198697872,1,경북,1791.0,1784.0,,,64.0,1199
,2007-02-01,1514,19445.0,0.8631778835482996,2,경북,1874.0,1586.0,,,64.0,969
,2007-03-01,1766,20817.0,0.924081974894572,3,경북,1514.0,1723.0,,,64.0,1130
,2007-04-01,1711,20454.0,0.9079681373153468,4,경북,1766.0,1613.0,,,64.0,1095
,2007-05-01,1658,20516.0,0.9107203630175836,5,경북,1711.0,1655.0,,,64.0,1061
,2007-06-01,1539,19121.0,0.8487952847172556,6,경북,1658.0,1618.0,,,64.0,985
,2007-07-01,1565,19414.0,0.8618017706971812,7,경북,1539.0,1579.0,,,64.0,1002
,2007-08-01,1628,19612.0,0.8705911366494858,8,경북,1565.0,1599.0,,,64.0,1042
,2007-09-01,1581,19857.0,0.8814668672470345,9,경북,1628.0,1643.0,,,64.0,1012
,2007-10-01,1705,21531.0,0.955776961207428,10,경북,1581.0,1678.0,,,64.0,1091
,2007-11-01,1678,21170.0,0.9397519051024686,11,경북,1705.0,1674.0,,,64.0,1074
,2007-12-01,1756,21822.0,0.9686946657130878,12,경북,1678.0,1791.0,,,64.0,1124
,2008-01-01,1773,21845.0,0.9697156526671434,1,경북,1756.0,1874.0,,,66.66666666666666,1182
,2008-02-01,1691,21056.0,0.9346913610693236,2,경북,1773.0,1514.0,,,66.66666666666666,1127
,2008-03-01,1793,22609.0,1.0036301758366422,3,경북,1691.0,1766.0,,,66.66666666666666,1195
,2008-04-01,1678,20259.0,0.8993119435744408,4,경북,1793.0,1711.0,,,66.66666666666666,1119
,2008-05-01,1650,20317.0,0.9018866063281462,5,경북,1678.0,1658.0,,,66.66666666666666,1100
,2008-06-01,1470,18801.0,0.8345902488347431,6,경북,1650.0,1539.0,,,66.66666666666666,980
,2008-07-01,1568,19267.0,0.855276332338652,7,경북,1470.0,1565.0,,,66.66666666666666,1045
,2008-08-01,1560,19314.0,0.857362696983896,8,경북,1568.0,1628.0,,,66.66666666666666,1040
,2008-09-01,1457,18681.0,0.829263360378801,9,경북,1560.0,1581.0,,,66.66666666666666,971
,2008-10-01,1647,21437.0,0.95160423191694,10,경북,1457.0,1705.0,,,66.66666666666666,1098
,2008-11-01,1645,20916.0,0.9284766578707244,11,경북,1647.0,1678.0,,,66.66666666666666,1097
,2008-12-01,1722,21611.0,0.9593282201780562,12,경북,1645.0,1756.0,,,66.66666666666666,1148
,2009-01-01,1875,22774.0,1.010954647463563,1,경북,1722.0,1773.0,,,69.33333333333333,1300
,2009-02-01,1522,19307.0,0.857051961823966,2,경북,1875.0,1691.0,,,69.33333333333333,1055
,2009-03-01,1710,21026.0,0.933359638955338,3,경북,1522.0,1793.0,,,69.33333333333333,1186
,2009-04-01,1622,20924.0,0.9288317837677872,4,경북,1710.0,1678.0,,,69.33333333333333,1125
,2009-05-01,1748,21364.0,0.9483637081062418,5,경북,1622.0,1650.0,,,69.33333333333333,1212
,2009-06-01,1540,19626.0,0.8712126069693457,6,경북,1748.0,1470.0,,,69.33333333333333,1068
,2009-07-01,1572,19320.0,0.8576290414066932,7,경북,1540.0,1568.0,,,69.33333333333333,1090
,2009-08-01,1516,19750.0,0.8767170583738193,8,경북,1572.0,1560.0,,,69.33333333333333,1051
,2009-09-01,1479,19148.0,0.8499938346198427,9,경북,1516.0,1457.0,,,69.33333333333333,1025
,2009-10-01,1644,20944.0,0.9297195985104442,10,경북,1479.0,1647.0,,,69.33333333333333,1140
,2009-11-01,1616,21072.0,0.9354016128634492,11,경북,1644.0,1645.0,,,69.33333333333333,1120
,2009-12-01,1783,21687.0,0.9627019162001528,12,경북,1616.0,1722.0,,,69.33333333333333,1236
,2010-01-01,1721,22033.0,0.9780611112481196,1,경북,1783.0,1875.0,,,72.0,1239
,2010-02-01,1581,19367.0,0.8597154060519372,2,경북,1721.0,1522.0,,,72.0,1138
,2010-03-01,1687,21553.0,0.9567535574243508,3,경북,1581.0,1710.0,,,72.0,1215
,2010-04-01,1620,20978.0,0.9312288835729612,4,경북,1687.0,1622.0,,,72.0,1166
,2010-05-01,1733,21483.0,0.9536462058250512,5,경북,1620.0,1748.0,,,72.0,1248
,2010-06-01,1628,20466.0,0.9085008261609412,6,경북,1733.0,1540.0,,,72.0,1172
,2010-07-01,1650,20619.0,0.9152926089422674,7,경북,1628.0,1572.0,,,72.0,1188
,2010-08-01,1609,20476.0,0.9089447335322696,8,경북,1650.0,1516.0,,,72.0,1158
,2010-09-01,1612,20485.0,0.9093442501664653,9,경북,1609.0,1479.0,,,72.0,1161
,2010-10-01,1858,22892.0,1.0161927544452392,10,경북,1612.0,1644.0,,,72.0,1338
,2010-11-01,1774,22046.0,0.9786381908308466,11,경북,1858.0,1616.0,,,72.0,1277
,2010-12-01,1776,23007.0,1.021297689215517,12,경북,1774.0,1783.0,,,72.0,1279
,2011-01-01,1896,23672.0,1.0508175294088633,1,경북,1776.0,1721.0,,,74.66666666666666,1416
,2011-02-01,1692,20869.0,0.9263902932254804,2,경북,1896.0,1581.0,,,74.66666666666666,1263
,2011-03-01,1845,22224.0,0.9865397420404942,3,경북,1692.0,1687.0,,,74.66666666666666,1378
,2011-04-01,1660,21246.0,0.9431256011245652,4,경북,1845.0,1620.0,,,74.66666666666666,1239
,2011-05-01,1762,21667.0,0.961814101457496,5,경북,1660.0,1733.0,,,74.66666666666666,1316
,2011-06-01,1573,20593.0,0.9141384497768132,6,경북,1762.0,1628.0,,,74.66666666666666,1175
,2011-07-01,1600,20222.0,0.8976694863005252,7,경북,1573.0,1650.0,,,74.66666666666666,1195
,2011-08-01,1595,20822.0,0.9243039285802362,8,경북,1600.0,1609.0,,,74.66666666666666,1191
,2011-09-01,1547,20257.0,0.899223162100175,9,경북,1595.0,1612.0,,,74.66666666666666,1155
,2011-10-01,1689,21870.0,0.9708254210954648,10,경북,1547.0,1858.0,,,74.66666666666666,1261
,2011-11-01,1651,21352.0,0.9478310192606476,11,경북,1689.0,1774.0,,,74.66666666666666,1233
,2011-12-01,1727,22602.0,1.003319440676712,12,경북,1651.0,1776.0,,,74.66666666666666,1289
,2012-01-01,1833,23997.0,1.06524451897704,1,경북,1727.0,1896.0,,,77.33333333333333,1418
,2012-02-01,2094,24985.0,1.1091025672642976,2,경북,1833.0,1692.0,,,77.33333333333333,1619
,2012-03-01,1894,24055.0,1.0678191817307454,3,경북,2094.0,1845.0,,,77.33333333333333,1465
,2012-04-01,1707,22125.0,0.982145059064342,4,경북,1894.0,1660.0,,,77.33333333333333,1320
,2012-05-01,1669,21640.0,0.9606155515549089,5,경북,1707.0,1762.0,,,77.33333333333333,1291
,2012-06-01,1557,20273.0,0.8999334138943007,6,경북,1669.0,1573.0,,,77.33333333333333,1204
,2012-07-01,1566,20446.0,0.907613011418284,7,경북,1557.0,1600.0,,,77.33333333333333,1211
,2012-08-01,1539,21178.0,0.9401070309995314,8,경북,1566.0,1595.0,,,77.33333333333333,1190
,2012-09-01,1536,20364.0,0.9039729709733902,9,경북,1539.0,1547.0,,,77.33333333333333,1188
,2012-10-01,1775,22909.0,1.0169473969764975,10,경북,1536.0,1689.0,,,77.33333333333333,1373
,2012-11-01,1729,22015.0,0.9772620779797282,11,경북,1775.0,1651.0,,,77.33333333333333,1337
,2012-12-01,1745,23234.0,1.0313743865446745,12,경북,1729.0,1727.0,,,77.33333333333333,1349
,2013-01-01,1839,23930.0,1.062270339589139,1,경북,1745.0,1833.0,,,80.0,1471
,2013-02-01,1704,21903.0,0.9722903154208488,2,경북,1839.0,2094.0,,,80.0,1363
,2013-03-01,1826,24221.0,1.075188044094799,3,경북,1704.0,1894.0,,,80.0,1461
,2013-04-01,1792,22259.0,0.988093417840144,4,경북,1826.0,1707.0,,,80.0,1434
,2013-05-01,1627,21946.0,0.9741991171175616,5,경북,1792.0,1669.0,,,80.0,1302
,2013-06-01,1544,20296.0,0.9009544008483564,6,경북,1627.0,1557.0,,,80.0,1235
,2013-07-01,1546,20519.0,0.9108535352289822,7,경북,1544.0,1566.0,,,80.0,1237
,2013-08-01,1570,21252.0,0.9433919455473624,8,경북,1546.0,1539.0,,,80.0,1256
,2013-09-01,1553,21151.0,0.9389084810969444,9,경북,1570.0,1536.0,,,80.0,1242
,2013-10-01,1710,22718.0,1.008468766184123,10,경북,1553.0,1775.0,,,80.0,1368
,2013-11-01,1750,22802.0,1.0121975881032823,11,경북,1710.0,1729.0,,,80.0,1400
,2013-12-01,1784,23260.0,1.0325285457101283,12,경북,1750.0,1745.0,,,80.0,1427
,2014-01-01,1728,23387.0,1.0381661693260007,1,경북,1784.0,1839.0,66.3,1127.0,66.3,1146
,2014-02-01,1680,23135.0,1.026979703568522,2,경북,1728.0,1704.0,64.2,1092.0,64.2,1079
,2014-03-01,1904,24231.0,1.0756319514661274,3,경북,1680.0,1826.0,64.6,1228.0,64.6,1230
,2014-04-01,1646,21821.0,0.968650274975955,4,경북,1904.0,1792.0,65.9,1054.0,65.9,1085
,2014-05-01,1772,22184.0,0.98476411255518,5,경북,1646.0,1627.0,64.1,1153.0,64.1,1136
,2014-06-01,1592,20594.0,0.914182840513946,6,경북,1772.0,1544.0,66.6,1066.0,66.6,1060
,2014-07-01,1538,20854.0,0.9257244321684877,7,경북,1592.0,1546.0,69.5,1042.0,69.5,1069
,2014-08-01,1617,20974.0,0.9310513206244296,8,경북,1538.0,1570.0,68.4,1095.0,68.4,1106
,2014-09-01,1622,21153.0,0.93899726257121,9,경북,1617.0,1553.0,68.0,1088.0,68.0,1103
,2014-10-01,1715,22612.0,1.0037633480480406,10,경북,1622.0,1710.0,68.2,1160.0,68.2,1170
,2014-11-01,1695,22491.0,0.9983920688549656,11,경북,1715.0,1750.0,66.8,1136.0,66.8,1132
,2014-12-01,1795,24256.0,1.076741719894449,12,경북,1695.0,1784.0,68.9,1244.0,68.9,1237
,2015-01-01,1956,24760.0,1.099114651409406,1,경북,1795.0,1728.0,67.5,1350.0,67.5,1320
,2015-02-01,1728,23209.0,1.030264618116353,2,경북,1956.0,1680.0,,,67.75,1171
,2015-03-01,2114,26493.0,1.1760437988606378,3,경북,1728.0,1904.0,68.0,1428.0,68.0,1438
,2015-04-01,1798,23610.0,1.0480653037066263,4,경북,2114.0,1646.0,69.2,1246.0,69.2,1244
,2015-05-01,1722,22935.0,1.0181015561419515,5,경북,1798.0,1772.0,70.2,1193.0,70.2,1209
,2015-06-01,1584,21345.0,0.9475202841007176,6,경북,1722.0,1592.0,69.6,1114.0,69.6,1102
,2015-07-01,1608,21534.0,0.9559101334188266,7,경북,1584.0,1538.0,70.7,1131.0,70.7,1137
,2015-08-01,1575,21496.0,0.9542232854077782,8,경북,1608.0,1617.0,69.6,1114.0,69.6,1096
,2015-09-01,1571,21375.0,0.9488520062147032,9,경북,1575.0,1622.0,67.9,1086.0,67.9,1067
,2015-10-01,1824,23050.0,1.0232064909122296,10,경북,1571.0,1715.0,70.2,1263.0,70.2,1280
,2015-11-01,1760,22678.0,1.0066931366988088,11,경북,1824.0,1695.0,68.8,1238.0,68.8,1211
,2015-12-01,1622,23410.0,1.0391871562800563,12,경북,1760.0,1795.0,71.3,1141.0,71.3,1156
,2016-01-01,1855,24708.0,1.0968063330784976,1,경북,1622.0,1956.0,68.2,1296.0,68.2,1265
,2016-02-01,1857,24601.0,1.0920565242052824,2,경북,1855.0,1728.0,68.8,1307.0,68.8,1278
,2016-03-01,1924,25208.0,1.1190017016449234,3,경북,1857.0,2114.0,70.8,1345.0,70.8,1362
,2016-04-01,1737,22830.0,1.0134405287430022,4,경북,1924.0,1798.0,70.5,1199.0,70.5,1225
,2016-05-01,1696,23125.0,1.0265357961971937,5,경북,1737.0,1722.0,69.6,1184.0,69.6,1180
,2016-06-01,1516,21350.0,0.947742237786382,6,경북,1696.0,1584.0,71.3,1070.0,71.3,1081
,2016-07-01,1617,22053.0,0.9789489259907764,7,경북,1516.0,1608.0,74.0,1184.0,74.0,1197
,2016-08-01,1741,22604.0,1.003408222150978,8,경북,1617.0,1575.0,70.9,1276.0,70.9,1234
,2016-09-01,1658,22081.0,0.9801918666304964,9,경북,1741.0,1571.0,70.7,1202.0,70.7,1172
,2016-10-01,1731,23610.0,1.0480653037066263,10,경북,1658.0,1824.0,74.4,1265.0,74.4,1288
,2016-11-01,1738,23333.0,1.0357690695208266,11,경북,1731.0,1760.0,70.0,1245.0,70.0,1217
,2016-12-01,1908,25324.0,1.1241510271523345,12,경북,1738.0,1622.0,71.8,1364.0,71.8,1370
,2017-01-01,1893,25902.0,1.1498088732151224,1,경북,1908.0,1855.0,73.9,1405.0,73.9,1399
,2017-02-01,1706,22884.0,1.0158376285481765,2,경북,1893.0,1857.0,73.0,1241.0,73.0,1245
,2017-03-01,1746,24230.0,1.0755875607289946,3,경북,1706.0,1924.0,76.9,1307.0,76.9,1343
,2017-04-01,1713,23142.0,1.027290438728452,4,경북,1746.0,1737.0,74.1,1259.0,74.1,1269
,2017-05-01,1827,23766.0,1.0549902586993514,5,경북,1713.0,1696.0,75.2,1354.0,75.2,1374
,2017-06-01,1606,21986.0,0.9759747466028756,6,경북,1827.0,1516.0,74.1,1185.0,74.1,1190
,2017-07-01,1604,22245.0,0.987471947520284,7,경북,1606.0,1617.0,75.2,1203.0,75.2,1206
,2017-08-01,1736,22846.0,1.014150780537128,8,경북,1604.0,1741.0,77.2,1313.0,77.2,1340
,2017-09-01,1673,22622.0,1.004207255419369,9,경북,1736.0,1658.0,74.2,1262.0,74.2,1241
,2017-10-01,1832,24624.0,1.093077511159338,10,경북,1673.0,1731.0,78.4,1412.0,78.4,1436
,2017-11-01,1874,24404.0,1.0833115489901106,11,경북,1832.0,1738.0,74.0,1406.0,74.0,1387
,2017-12-01,2068,26883.0,1.1933561863424498,12,경북,1874.0,1908.0,74.3,1561.0,74.3,1537
,2018-01-01,2457,31550.0,1.4005277565414682,1,경북,2068.0,1893.0,74.1,1853.0,74.1,1821
,2018-02-01,1937,25001.0,1.109812819058423,2,경북,2457.0,1706.0,77.5,1472.0,77.5,1501
,2018-03-01,1824,25252.0,1.1209548940787688,3,경북,1937.0,1746.0,79.3,1427.0,79.3,1446
,2018-04-01,1803,23963.0,1.0637352339145232,4,경북,1824.0,1713.0,78.4,1412.0,78.4,1414
,2018-05-01,1799,23996.0,1.0652001282399073,5,경북,1803.0,1827.0,79.1,1423.0,79.1,1423
,2018-06-01,1679,22596.0,1.003053096253915,6,경북,1799.0,1606.0,77.4,1316.0,77.4,1300
,2018-07-01,1798,23886.0,1.0603171471552937,7,경북,1679.0,1604.0,79.4,1429.0,79.4,1428
,2018-08-01,1695,23937.0,1.062581074749069,8,경북,1798.0,1736.0,79.4,1349.0,79.4,1346
,2018-09-01,1690,22906.0,1.016814224765099,9,경북,1695.0,1673.0,78.7,1338.0,78.7,1330
,2018-10-01,1938,25010.0,1.1102123356926188,10,경북,1690.0,1832.0,78.3,1488.0,78.3,1517
,2018-11-01,1716,24200.0,1.074255838615009,11,경북,1938.0,1874.0,79.2,1347.0,79.2,1359
,2018-12-01,1953,26523.0,1.1773755209746233,12,경북,1716.0,2068.0,82.5,1567.0,82.5,1611
,2019-01-01,2018,27366.0,1.2147969123776172,1,경북,1953.0,2457.0,78.0,1482.0,78.0,1574
,2019-02-01,1676,22918.0,1.0173469136106932,2,경북,2018.0,1937.0,78.3,1331.0,78.3,1312
,2019-03-01,1906,24985.0,1.1091025672642976,3,경북,1676.0,1824.0,79.8,1517.0,79.8,1521
,2019-04-01,1710,23833.0,1.0579644380872524,4,경북,1906.0,1803.0,79.3,1348.0,79.3,1356
,2019-05-01,1818,24756.0,1.0989370884608745,5,경북,1710.0,1799.0,83.2,1498.0,83.2,1513
,2019-06-01,1686,23056.0,1.0234728353350266,6,경북,1818.0,1679.0,82.5,1381.0,82.5,1391
,2019-07-01,1694,23216.0,1.030575353276283,7,경북,1686.0,1798.0,80.7,1357.0,80.7,1367
,2019-08-01,1745,23707.0,1.0523712052085132,8,경북,1694.0,1695.0,81.8,1414.0,81.8,1427
,2019-09-01,1688,23570.0,1.0462896742213124,9,경북,1745.0,1690.0,82.7,1396.0,82.7,1396
,2019-10-01,1896,25569.0,1.135026757749883,10,경북,1688.0,1938.0,80.9,1526.0,80.9,1534
,2019-11-01,1839,25412.0,1.128057412020025,11,경북,1896.0,1716.0,79.1,1459.0,79.1,1455
,2019-12-01,2027,26722.0,1.1862092776640607,12,경북,1839.0,1953.0,81.4,1656.0,81.4,1650
,2020-01-01,2165,28430.0,1.2620286566869714,1,경북,2027.0,2018.0,82.9,1800.0,82.9,1795
,2020-02-01,1988,25423.0,1.1285457101284866,2,경북,2165.0,1676.0,81.1,1613.0,81.1,1612
,2020-03-01,1969,25850.0,1.147500554884214,3,경북,1988.0,1906.0,83.4,1645.0,83.4,1642
,2020-04-01,1863,24674.0,1.0952970480159807,4,경북,1969.0,1710.0,83.0,1549.0,83.0,1546
,2020-05-01,1855,24346.0,1.0807368862364053,5,경북,1863.0,1818.0,82.1,1531.0,82.1,1523
,2020-06-01,1767,23638.0,1.0493082443463464,6,경북,1855.0,1686.0,83.3,1476.0,83.3,1472
,2020-07-01,1687,23989.0,1.0648893930799772,7,경북,1767.0,1694.0,82.8,1394.0,82.8,1397
,2020-08-01,1922,25289.0,1.1225973513526843,8,경북,1687.0,1745.0,83.6,1612.0,83.6,1607
,2020-09-01,1764,24352.0,1.0810032306592023,9,경북,1922.0,1688.0,82.4,1456.0,82.4,1454
,2020-10-01,1898,26488.0,1.1758218451749736,10,경북,1764.0,1896.0,82.7,1571.0,82.7,1570
,2020-11-01,1917,25603.0,1.1365360428123998,11,경북,1898.0,1839.0,84.6,1619.0,84.6,1622
,2020-12-01,2004,26866.0,1.1926015438111914,12,경북,1917.0,2027.0,83.0,1674.0,83.0,1663
,2021-01-01,1867,27223.0,1.2084490369676193,1,경북,2004.0,2165.0,83.3,1556.0,83.3,1555
,2021-02-01,1711,23787.0,1.0559224641791414,2,경북,1867.0,1988.0,84.3,1444.0,84.3,1442
,2021-03-01,1977,26559.0,1.178973587511406,3,경북,1711.0,1969.0,82.2,1632.0,82.2,1625
,2021-04-01,1814,25071.0,1.1129201706577228,4,경북,1977.0,1863.0,85.8,1554.0,85.8,1556
,2021-05-01,1866,25567.0,1.134937976275617,5,경북,1814.0,1855.0,84.2,1572.0,84.2,1571
,2021-06-01,1727,24381.0,1.0822905620360552,6,경북,1866.0,1767.0,84.0,1448.0,84.0,1451
,2021-07-01,1858,25732.0,1.1422624479025376,7,경북,1727.0,1687.0,84.1,1558.0,84.1,1563
,2021-08-01,1891,25918.0,1.150519125009248,8,경북,1858.0,1922.0,85.3,1614.0,85.3,1613
,2021-09-01,1926,25662.0,1.139155096303238,9,경북,1891.0,1764.0,84.3,1629.0,84.3,1624
,2021-10-01,1989,27750.0,1.231842955436632,10,경북,1926.0,1898.0,82.5,1648.0,82.5,1641
,2021-11-01,2024,28366.0,1.2591876495104688,11,경북,1989.0,1917.0,85.1,1737.0,85.1,1722
,2021-12-01,2278,31664.0,1.4055883005746137,12,경북,2024.0,2004.0,85.7,1953.0,85.7,1952
,2022-01-01,2141,29842.0,1.3247083775185575,1,경북,2278.0,1867.0,85.4,1830.0,85.4,1828
,2022-02-01,2172,29293.0,1.3003378628326223,2,경북,2141.0,1711.0,85.7,1857.0,85.7,1861
,2022-03-01,3274,44616.0,1.9805371279193076,3,경북,2172.0,1977.0,86.0,2804.0,86.0,2816
,2022-04-01,2840,36681.0,1.62829662877013,4,경북,3274.0,1814.0,85.6,2411.0,85.6,2431
,2022-05-01,2168,28902.0,1.282981084613677,5,경북,2840.0,1866.0,83.5,1817.0,83.5,1810
,2022-06-01,1883,24910.0,1.1057732619793337,6,경북,2168.0,1727.0,85.9,1614.0,85.9,1617
,2022-07-01,1925,26073.0,1.1573996892648402,7,경북,1883.0,1858.0,86.3,1667.0,86.3,1661
,2022-08-01,2314,30040.0,1.3334977434708624,8,경북,1925.0,1891.0,87.0,2015.0,87.0,2013
,2022-09-01,2186,29233.0,1.2976744186046512,9,경북,2314.0,1926.0,86.7,1873.0,86.7,1895
,2022-10-01,2198,29790.0,1.3224000591876497,10,경북,2186.0,1989.0,86.3,1901.0,86.3,1897
,2022-11-01,2295,30156.0,1.3386470689782732,11,경북,2198.0,2024.0,87.2,2000.0,87.2,2001
,2022-12-01,2444,33403.0,1.4827837924486424,12,경북,2295.0,2278.0,87.0,2123.0,87.0,2126
,2023-01-01,2321,32658.0,1.449712693284668,1,경북,2444.0,2141.0,86.1,2045.0,86.1,1998
,2023-02-01,1927,27350.0,1.2140866605834917,2,경북,2321.0,2172.0,85.8,1694.0,85.8,1653
,2023-03-01,2132,28944.0,1.2848454955732571,3,경북,1927.0,3274.0,87.0,1884.0,87.0,1855
,2023-04-01,2003,27539.0,1.2224765099016006,4,경북,2132.0,2840.0,87.0,1773.0,87.0,1743
,2023-05-01,2043,28876.0,1.281826925448223,5,경북,2003.0,2168.0,84.7,1782.0,84.7,1730
,2023-06-01,1960,26794.0,1.189405410737626,6,경북,2043.0,1883.0,87.3,1734.0,87.3,1711
,2023-07-01,1953,28141.0,1.2491997336555771,7,경북,1960.0,1925.0,88.3,1721.0,88.3,1724
,2023-08-01,2128,30523.0,1.3549384695060298,8,경북,1953.0,2314.0,88.6,1876.0,88.6,1885
,2023-09-01,2054,28293.0,1.2559471256997703,9,경북,2128.0,2186.0,88.0,1807.0,88.0,1808
,2023-10-01,2186,30793.0,1.3669239685318997,10,경북,2054.0,2198.0,88.5,1930.0,88.5,1935
,2023-11-01,2156,30364.0,1.3478803423019063,11,경북,2186.0,2295.0,88.4,1905.0,88.4,1906
,2023-12-01,2420,32236.0,1.4309798022146043,12,경북,2156.0,2444.0,86.9,2145.0,86.9,2103
12.0,1998-01-01,949,20478.0,0.9090335150065352,1,대구,990.0,1009.0,,,40.0,380
13.0,1998-02-01,844,19095.0,0.8476411255518015,2,대구,949.0,851.0,,,40.0,338
14.0,1998-03-01,991,20802.0,0.9234161138375792,3,대구,844.0,966.0,,,40.0,396
15.0,1998-04-01,910,20338.0,0.902818811807936,4,대구,991.0,872.0,,,40.0,364
16.0,1998-05-01,893,20376.0,0.9045056598189845,5,대구,910.0,969.0,,,40.0,357
17.0,1998-06-01,886,19466.0,0.8641100890280895,6,대구,893.0,892.0,,,40.0,354
18.0,1998-07-01,903,19309.0,0.8571407432982318,7,대구,886.0,922.0,,,40.0,361
19.0,1998-08-01,895,20204.0,0.896870453032134,8,대구,903.0,905.0,,,40.0,358
20.0,1998-09-01,883,19906.0,0.8836420133665441,9,대구,895.0,824.0,,,40.0,353
21.0,1998-10-01,931,21273.0,0.9443241510271524,10,대구,883.0,924.0,,,40.0,372
22.0,1998-11-01,946,21117.0,0.9373991960344276,11,대구,931.0,946.0,,,40.0,378
23.0,1998-12-01,1031,23461.0,1.0414510838738316,12,대구,946.0,990.0,,,40.0,412
24.0,1999-01-01,1083,23193.0,1.0295543663222275,1,대구,1031.0,949.0,,,42.666666666666664,462
25.0,1999-02-01,826,18865.0,0.8374312560112457,2,대구,1083.0,844.0,,,42.666666666666664,352
26.0,1999-03-01,970,21052.0,0.9345137981207922,3,대구,826.0,991.0,,,42.666666666666664,414
27.0,1999-04-01,891,20309.0,0.9015314804310832,4,대구,970.0,910.0,,,42.666666666666664,380
28.0,1999-05-01,897,20788.0,0.9227946435177192,5,대구,891.0,893.0,,,42.666666666666664,383
29.0,1999-06-01,932,19884.0,0.8826654171496214,6,대구,897.0,886.0,,,42.666666666666664,398
30.0,1999-07-01,889,19228.0,0.8535450935904708,7,대구,932.0,903.0,,,42.666666666666664,379
31.0,1999-08-01,910,19921.0,0.884307874423537,8,대구,889.0,895.0,,,42.666666666666664,388
32.0,1999-09-01,863,19583.0,0.8693038052726331,9,대구,910.0,883.0,,,42.666666666666664,368
33.0,1999-10-01,996,21795.0,0.9674961158105008,10,대구,863.0,931.0,,,42.666666666666664,425
34.0,1999-11-01,909,20780.0,0.9224395176206563,11,대구,996.0,946.0,,,42.666666666666664,388
35.0,1999-12-01,1017,22336.0,0.9915115045993736,12,대구,909.0,1031.0,,,42.666666666666664,434
36.0,2000-01-01,1117,24457.0,1.085664258058152,1,대구,1017.0,1083.0,,,45.333333333333336,506
37.0,2000-02-01,983,20306.0,0.9013983082196848,2,대구,1117.0,826.0,,,45.333333333333336,446
38.0,2000-03-01,1024,21592.0,0.958484796172532,3,대구,983.0,970.0,,,45.333333333333336,464
39.0,2000-04-01,946,20420.0,0.9064588522528298,4,대구,1024.0,891.0,,,45.333333333333336,429
40.0,2000-05-01,939,19862.0,0.8816888209326987,5,대구,946.0,897.0,,,45.333333333333336,426
41.0,2000-06-01,841,18786.0,0.8339243877777504,6,대구,939.0,932.0,,,45.333333333333336,381
42.0,2000-07-01,893,19293.0,0.8564304915041061,7,대구,841.0,889.0,,,45.333333333333336,405
43.0,2000-08-01,891,19798.0,0.8788478137561961,8,대구,893.0,910.0,,,45.333333333333336,404
44.0,2000-09-01,956,20182.0,0.8958938568152112,9,대구,891.0,863.0,,,45.333333333333336,433
45.0,2000-10-01,1004,21825.0,0.9688278379244863,10,대구,956.0,996.0,,,45.333333333333336,455
46.0,2000-11-01,919,21068.0,0.9352240499149176,11,대구,1004.0,909.0,,,45.333333333333336,417
47.0,2000-12-01,978,21151.0,0.9389084810969444,12,대구,919.0,1017.0,,,45.333333333333336,443
48.0,2001-01-01,1057,21077.0,0.9356235665491134,1,대구,978.0,1117.0,,,48.0,507
49.0,2001-02-01,903,19710.0,0.8749414288885052,2,대구,1057.0,983.0,,,48.0,433
50.0,2001-03-01,1008,22168.0,0.9840538607610544,3,대구,903.0,1024.0,,,48.0,484
51.0,2001-04-01,981,20977.0,0.9311844928358284,4,대구,1008.0,946.0,,,48.0,471
52.0,2001-05-01,905,20435.0,0.9071247133098228,5,대구,981.0,939.0,,,48.0,434
53.0,2001-06-01,894,18773.0,0.8333473081950233,6,대구,905.0,841.0,,,48.0,429
54.0,2001-07-01,913,19500.0,0.8656193740906064,7,대구,894.0,893.0,,,48.0,438
55.0,2001-08-01,909,19374.0,0.8600261412118672,8,대구,913.0,891.0,,,48.0,436
56.0,2001-09-01,913,19221.0,0.8532343584305409,9,대구,909.0,956.0,,,48.0,438
57.0,2001-10-01,912,21100.0,0.936644553503169,10,대구,913.0,1004.0,,,48.0,438
58.0,2001-11-01,990,20751.0,0.9211521862438038,11,대구,912.0,919.0,,,48.0,475
59.0,2001-12-01,1026,20727.0,0.9200868085526154,12,대구,990.0,978.0,,,48.0,492
60.0,2002-01-01,985,20640.0,0.9162248144220572,1,대구,1026.0,1057.0,,,50.666666666666664,499
61.0,2002-02-01,881,18373.0,0.8155910133418827,2,대구,985.0,903.0,,,50.666666666666664,446
62.0,2002-03-01,963,21223.0,0.9421046141705096,3,대구,881.0,1008.0,,,50.666666666666664,488
63.0,2002-04-01,975,20595.0,0.914227231251079,4,대구,963.0,981.0,,,50.666666666666664,494
64.0,2002-05-01,918,20416.0,0.9062812893042984,5,대구,975.0,905.0,,,50.666666666666664,465
65.0,2002-06-01,841,18968.0,0.8420035019359293,6,대구,918.0,894.0,,,50.666666666666664,426
66.0,2002-07-01,900,19339.0,0.8584724654122173,7,대구,841.0,913.0,,,50.666666666666664,456
67.0,2002-08-01,945,19793.0,0.8786258600705319,8,대구,900.0,909.0,,,50.666666666666664,479
68.0,2002-09-01,888,19947.0,0.8854620335889911,9,대구,945.0,913.0,,,50.666666666666664,450
69.0,2002-10-01,1000,21585.0,0.958174061012602,10,대구,888.0,912.0,,,50.666666666666664,507
70.0,2002-11-01,1004,22413.0,0.9949295913586031,11,대구,1000.0,990.0,,,50.666666666666664,509
71.0,2002-12-01,1151,24232.0,1.0756763422032602,12,대구,1004.0,1026.0,,,50.666666666666664,583
72.0,2003-01-01,1074,21853.0,0.9700707785642062,1,대구,1151.0,985.0,,,53.33333333333333,573
73.0,2003-02-01,1035,19468.0,0.8641988705023551,2,대구,1074.0,881.0,,,53.33333333333333,552
74.0,2003-03-01,988,20662.0,0.91720141063898,3,대구,1035.0,963.0,,,53.33333333333333,527
75.0,2003-04-01,877,20096.0,0.892076253421786,4,대구,988.0,975.0,,,53.33333333333333,468
76.0,2003-05-01,932,20566.0,0.9129398998742262,5,대구,877.0,918.0,,,53.33333333333333,497
77.0,2003-06-01,853,18961.0,0.8416927667759994,6,대구,932.0,841.0,,,53.33333333333333,455
78.0,2003-07-01,926,19446.0,0.8632222742854324,7,대구,853.0,900.0,,,53.33333333333333,494
79.0,2003-08-01,886,20015.0,0.888480603714025,8,대구,926.0,945.0,,,53.33333333333333,473
80.0,2003-09-01,978,20309.0,0.9015314804310832,9,대구,886.0,888.0,,,53.33333333333333,522
81.0,2003-10-01,1082,22048.0,0.9787269723051124,10,대구,978.0,1000.0,,,53.33333333333333,577
82.0,2003-11-01,1037,21396.0,0.9497842116944932,11,대구,1082.0,1004.0,,,53.33333333333333,553
83.0,2003-12-01,1003,21643.0,0.9607487237663074,12,대구,1037.0,1151.0,,,53.33333333333333,535
84.0,2004-01-01,995,21319.0,0.9463661249352636,1,대구,1003.0,1074.0,,,56.0,557
85.0,2004-02-01,1008,20464.0,0.9084120446866754,2,대구,995.0,1035.0,,,56.0,564
86.0,2004-03-01,1099,22377.0,0.9933315248218204,3,대구,1008.0,988.0,,,56.0,615
87.0,2004-04-01,980,20976.0,0.9311401020986954,4,대구,1099.0,877.0,,,56.0,549
88.0,2004-05-01,975,20768.0,0.9219068287750622,5,대구,980.0,932.0,,,56.0,546
89.0,2004-06-01,910,19027.0,0.8446225554267676,6,대구,975.0,853.0,,,56.0,510
90.0,2004-07-01,979,19641.0,0.8718784680263385,7,대구,910.0,926.0,,,56.0,548
91.0,2004-08-01,956,19944.0,0.8853288613775925,8,대구,979.0,886.0,,,56.0,535
92.0,2004-09-01,950,19273.0,0.8555426767614491,9,대구,956.0,978.0,,,56.0,532
93.0,2004-10-01,983,21217.0,0.9418382697477128,10,대구,950.0,1082.0,,,56.0,550
94.0,2004-11-01,992,20274.0,0.8999778046314335,11,대구,983.0,1037.0,,,56.0,556
95.0,2004-12-01,1021,20940.0,0.9295420355619128,12,대구,992.0,1003.0,,,56.0,572
96.0,2005-01-01,1068,21762.0,0.9660312214851168,1,대구,1021.0,995.0,,,58.666666666666664,627
97.0,2005-02-01,917,19057.0,0.8459542775407531,2,대구,1068.0,1008.0,,,58.666666666666664,538
98.0,2005-03-01,1020,21855.0,0.970159560038472,3,대구,917.0,1099.0,,,58.666666666666664,598
99.0,2005-04-01,1018,21087.0,0.936067473920442,4,대구,1020.0,980.0,,,58.666666666666664,597
100.0,2005-05-01,991,21132.0,0.9380650570914202,5,대구,1018.0,975.0,,,58.666666666666664,581
101.0,2005-06-01,844,19105.0,0.84808503292313,6,대구,991.0,910.0,,,58.666666666666664,495
102.0,2005-07-01,884,19377.0,0.8601593134232657,7,대구,844.0,979.0,,,58.666666666666664,519
103.0,2005-08-01,948,19485.0,0.8649535130336137,8,대구,884.0,956.0,,,58.666666666666664,556
104.0,2005-09-01,900,18970.0,0.842092283410195,9,대구,948.0,950.0,,,58.666666666666664,528
105.0,2005-10-01,968,21268.0,0.944102197341488,10,대구,900.0,983.0,,,58.666666666666664,568
106.0,2005-11-01,933,20869.0,0.9263902932254804,11,대구,968.0,992.0,,,58.666666666666664,547
107.0,2005-12-01,1016,21907.0,0.9724678783693802,12,대구,933.0,1021.0,,,58.666666666666664,596
108.0,2006-01-01,1045,21552.0,0.956709166687218,1,대구,1016.0,1068.0,,,61.33333333333333,641
109.0,2006-02-01,891,19145.0,0.849860662408444,2,대구,1045.0,917.0,,,61.33333333333333,546
110.0,2006-03-01,981,21264.0,0.9439246343929568,3,대구,891.0,1020.0,,,61.33333333333333,602
111.0,2006-04-01,969,20360.0,0.9037954080248588,4,대구,981.0,1018.0,,,61.33333333333333,594
112.0,2006-05-01,1004,20446.0,0.907613011418284,5,대구,969.0,991.0,,,61.33333333333333,616
113.0,2006-06-01,862,19005.0,0.8436459592098449,6,대구,1004.0,844.0,,,61.33333333333333,529
114.0,2006-07-01,904,19481.0,0.8647759500850822,7,대구,862.0,884.0,,,61.33333333333333,554
115.0,2006-08-01,939,20147.0,0.8943401810155615,8,대구,904.0,948.0,,,61.33333333333333,576
116.0,2006-09-01,934,19730.0,0.8758292436311623,9,대구,939.0,900.0,,,61.33333333333333,573
117.0,2006-10-01,857,20467.0,0.908545216898074,10,대구,934.0,968.0,,,61.33333333333333,526
118.0,2006-11-01,1002,20911.0,0.92825470418506,11,대구,857.0,933.0,,,61.33333333333333,615
119.0,2006-12-01,971,21654.0,0.9612370218747688,12,대구,1002.0,1016.0,,,61.33333333333333,596
120.0,2007-01-01,1137,22723.0,1.0086907198697872,1,대구,971.0,1045.0,,,64.0,728
121.0,2007-02-01,899,19445.0,0.8631778835482996,2,대구,1137.0,891.0,,,64.0,575
122.0,2007-03-01,926,20817.0,0.924081974894572,3,대구,899.0,981.0,,,64.0,593
123.0,2007-04-01,912,20454.0,0.9079681373153468,4,대구,926.0,969.0,,,64.0,584
124.0,2007-05-01,934,20516.0,0.9107203630175836,5,대구,912.0,1004.0,,,64.0,598
125.0,2007-06-01,825,19121.0,0.8487952847172556,6,대구,934.0,862.0,,,64.0,528
126.0,2007-07-01,853,19414.0,0.8618017706971812,7,대구,825.0,904.0,,,64.0,546
127.0,2007-08-01,922,19612.0,0.8705911366494858,8,대구,853.0,939.0,,,64.0,590
128.0,2007-09-01,912,19857.0,0.8814668672470345,9,대구,922.0,934.0,,,64.0,584
129.0,2007-10-01,977,21531.0,0.955776961207428,10,대구,912.0,857.0,,,64.0,625
130.0,2007-11-01,984,21170.0,0.9397519051024686,11,대구,977.0,1002.0,,,64.0,630
131.0,2007-12-01,1001,21822.0,0.9686946657130878,12,대구,984.0,971.0,,,64.0,641
132.0,2008-01-01,1042,21845.0,0.9697156526671434,1,대구,1001.0,1137.0,,,66.66666666666666,695
133.0,2008-02-01,1022,21056.0,0.9346913610693236,2,대구,1042.0,899.0,,,66.66666666666666,681
134.0,2008-03-01,1067,22609.0,1.0036301758366422,3,대구,1022.0,926.0,,,66.66666666666666,711
135.0,2008-04-01,1000,20259.0,0.8993119435744408,4,대구,1067.0,912.0,,,66.66666666666666,667
136.0,2008-05-01,967,20317.0,0.9018866063281462,5,대구,1000.0,934.0,,,66.66666666666666,645
137.0,2008-06-01,846,18801.0,0.8345902488347431,6,대구,967.0,825.0,,,66.66666666666666,564
138.0,2008-07-01,884,19267.0,0.855276332338652,7,대구,846.0,853.0,,,66.66666666666666,589
139.0,2008-08-01,879,19314.0,0.857362696983896,8,대구,884.0,922.0,,,66.66666666666666,586
140.0,2008-09-01,876,18681.0,0.829263360378801,9,대구,879.0,912.0,,,66.66666666666666,584
141.0,2008-10-01,985,21437.0,0.95160423191694,10,대구,876.0,977.0,,,66.66666666666666,657
142.0,2008-11-01,983,20916.0,0.9284766578707244,11,대구,985.0,984.0,,,66.66666666666666,655
143.0,2008-12-01,1054,21611.0,0.9593282201780562,12,대구,983.0,1001.0,,,66.66666666666666,703
144.0,2009-01-01,1088,22774.0,1.010954647463563,1,대구,1054.0,1042.0,,,69.33333333333333,754
145.0,2009-02-01,968,19307.0,0.857051961823966,2,대구,1088.0,1022.0,,,69.33333333333333,671
146.0,2009-03-01,963,21026.0,0.933359638955338,3,대구,968.0,1067.0,,,69.33333333333333,668
147.0,2009-04-01,934,20924.0,0.9288317837677872,4,대구,963.0,1000.0,,,69.33333333333333,648
148.0,2009-05-01,1070,21364.0,0.9483637081062418,5,대구,934.0,967.0,,,69.33333333333333,742
149.0,2009-06-01,954,19626.0,0.8712126069693457,6,대구,1070.0,846.0,,,69.33333333333333,661
150.0,2009-07-01,921,19320.0,0.8576290414066932,7,대구,954.0,884.0,,,69.33333333333333,639
151.0,2009-08-01,919,19750.0,0.8767170583738193,8,대구,921.0,879.0,,,69.33333333333333,637
152.0,2009-09-01,862,19148.0,0.8499938346198427,9,대구,919.0,876.0,,,69.33333333333333,598
153.0,2009-10-01,965,20944.0,0.9297195985104442,10,대구,862.0,985.0,,,69.33333333333333,669
154.0,2009-11-01,1039,21072.0,0.9354016128634492,11,대구,965.0,983.0,,,69.33333333333333,720
155.0,2009-12-01,1058,21687.0,0.9627019162001528,12,대구,1039.0,1054.0,,,69.33333333333333,734
156.0,2010-01-01,1063,22033.0,0.9780611112481196,1,대구,1058.0,1088.0,,,72.0,765
157.0,2010-02-01,884,19367.0,0.8597154060519372,2,대구,1063.0,968.0,,,72.0,636
158.0,2010-03-01,1019,21553.0,0.9567535574243508,3,대구,884.0,963.0,,,72.0,734
159.0,2010-04-01,1002,20978.0,0.9312288835729612,4,대구,1019.0,934.0,,,72.0,721
160.0,2010-05-01,993,21483.0,0.9536462058250512,5,대구,1002.0,1070.0,,,72.0,715
161.0,2010-06-01,926,20466.0,0.9085008261609412,6,대구,993.0,954.0,,,72.0,667
162.0,2010-07-01,981,20619.0,0.9152926089422674,7,대구,926.0,921.0,,,72.0,706
163.0,2010-08-01,988,20476.0,0.9089447335322696,8,대구,981.0,919.0,,,72.0,711
164.0,2010-09-01,959,20485.0,0.9093442501664653,9,대구,988.0,862.0,,,72.0,690
165.0,2010-10-01,1092,22892.0,1.0161927544452392,10,대구,959.0,965.0,,,72.0,786
166.0,2010-11-01,1078,22046.0,0.9786381908308466,11,대구,1092.0,1039.0,,,72.0,776
167.0,2010-12-01,1069,23007.0,1.021297689215517,12,대구,1078.0,1058.0,,,72.0,770
168.0,2011-01-01,1201,23672.0,1.0508175294088633,1,대구,1069.0,1063.0,,,74.66666666666666,897
169.0,2011-02-01,1016,20869.0,0.9263902932254804,2,대구,1201.0,884.0,,,74.66666666666666,759
170.0,2011-03-01,1094,22224.0,0.9865397420404942,3,대구,1016.0,1019.0,,,74.66666666666666,817
171.0,2011-04-01,1025,21246.0,0.9431256011245652,4,대구,1094.0,1002.0,,,74.66666666666666,765
172.0,2011-05-01,1051,21667.0,0.961814101457496,5,대구,1025.0,993.0,,,74.66666666666666,785
173.0,2011-06-01,981,20593.0,0.9141384497768132,6,대구,1051.0,926.0,,,74.66666666666666,732
174.0,2011-07-01,951,20222.0,0.8976694863005252,7,대구,981.0,981.0,,,74.66666666666666,710
175.0,2011-08-01,977,20822.0,0.9243039285802362,8,대구,951.0,988.0,,,74.66666666666666,729
176.0,2011-09-01,934,20257.0,0.899223162100175,9,대구,977.0,959.0,,,74.66666666666666,697
177.0,2011-10-01,1030,21870.0,0.9708254210954648,10,대구,934.0,1092.0,,,74.66666666666666,769
178.0,2011-11-01,1020,21352.0,0.9478310192606476,11,대구,1030.0,1078.0,,,74.66666666666666,762
179.0,2011-12-01,1075,22602.0,1.003319440676712,12,대구,1020.0,1069.0,,,74.66666666666666,803
180.0,2012-01-01,1083,23997.0,1.06524451897704,1,대구,1075.0,1201.0,,,77.33333333333333,838
181.0,2012-02-01,1159,24985.0,1.1091025672642976,2,대구,1083.0,1016.0,,,77.33333333333333,896
182.0,2012-03-01,1166,24055.0,1.0678191817307454,3,대구,1159.0,1094.0,,,77.33333333333333,902
183.0,2012-04-01,1041,22125.0,0.982145059064342,4,대구,1166.0,1025.0,,,77.33333333333333,805
184.0,2012-05-01,1012,21640.0,0.9606155515549089,5,대구,1041.0,1051.0,,,77.33333333333333,783
185.0,2012-06-01,921,20273.0,0.8999334138943007,6,대구,1012.0,981.0,,,77.33333333333333,712
186.0,2012-07-01,992,20446.0,0.907613011418284,7,대구,921.0,951.0,,,77.33333333333333,767
187.0,2012-08-01,942,21178.0,0.9401070309995314,8,대구,992.0,977.0,,,77.33333333333333,728
188.0,2012-09-01,943,20364.0,0.9039729709733902,9,대구,942.0,934.0,,,77.33333333333333,729
189.0,2012-10-01,1001,22909.0,1.0169473969764975,10,대구,943.0,1030.0,,,77.33333333333333,774
190.0,2012-11-01,1021,22015.0,0.9772620779797282,11,대구,1001.0,1020.0,,,77.33333333333333,790
191.0,2012-12-01,1071,23234.0,1.0313743865446745,12,대구,1021.0,1075.0,,,77.33333333333333,828
192.0,2013-01-01,1160,23930.0,1.062270339589139,1,대구,1071.0,1083.0,,,80.0,928
193.0,2013-02-01,1077,21903.0,0.9722903154208488,2,대구,1160.0,1159.0,,,80.0,862
194.0,2013-03-01,1167,24221.0,1.075188044094799,3,대구,1077.0,1166.0,,,80.0,934
195.0,2013-04-01,1014,22259.0,0.988093417840144,4,대구,1167.0,1041.0,,,80.0,811
196.0,2013-05-01,970,21946.0,0.9741991171175616,5,대구,1014.0,1012.0,,,80.0,776
197.0,2013-06-01,941,20296.0,0.9009544008483564,6,대구,970.0,921.0,,,80.0,753
198.0,2013-07-01,947,20519.0,0.9108535352289822,7,대구,941.0,992.0,,,80.0,758
199.0,2013-08-01,1054,21252.0,0.9433919455473624,8,대구,947.0,942.0,,,80.0,843
200.0,2013-09-01,972,21151.0,0.9389084810969444,9,대구,1054.0,943.0,,,80.0,778
201.0,2013-10-01,1036,22718.0,1.008468766184123,10,대구,972.0,1001.0,,,80.0,829
202.0,2013-11-01,1044,22802.0,1.0121975881032823,11,대구,1036.0,1021.0,,,80.0,835
203.0,2013-12-01,1149,23260.0,1.0325285457101283,12,대구,1044.0,1071.0,,,80.0,919
204.0,2014-01-01,1135,23387.0,1.0381661693260007,1,대구,1149.0,1160.0,78.8,867.0,78.8,894
205.0,2014-02-01,1094,23135.0,1.026979703568522,2,대구,1135.0,1077.0,78.9,868.0,78.9,863
206.0,2014-03-01,1219,24231.0,1.0756319514661274,3,대구,1094.0,1167.0,81.0,972.0,81.0,987
207.0,2014-04-01,997,21821.0,0.968650274975955,4,대구,1219.0,1014.0,79.1,791.0,79.1,789
208.0,2014-05-01,1028,22184.0,0.98476411255518,5,대구,997.0,970.0,81.3,813.0,81.3,836
209.0,2014-06-01,976,20594.0,0.914182840513946,6,대구,1028.0,941.0,79.4,794.0,79.4,775
210.0,2014-07-01,976,20854.0,0.9257244321684877,7,대구,976.0,947.0,76.8,768.0,76.8,750
211.0,2014-08-01,1008,20974.0,0.9310513206244296,8,대구,976.0,1054.0,79.6,796.0,79.6,802
212.0,2014-09-01,960,21153.0,0.93899726257121,9,대구,1008.0,972.0,75.0,750.0,75.0,720
213.0,2014-10-01,1062,22612.0,1.0037633480480406,10,대구,960.0,1036.0,75.7,833.0,75.7,804
214.0,2014-11-01,1016,22491.0,0.9983920688549656,11,대구,1062.0,1044.0,82.3,823.0,82.3,836
215.0,2014-12-01,1171,24256.0,1.076741719894449,12,대구,1016.0,1149.0,78.1,944.0,78.1,915
216.0,2015-01-01,1189,24760.0,1.099114651409406,1,대구,1171.0,1135.0,76.8,921.0,76.8,913
217.0,2015-02-01,1102,23209.0,1.030264618116353,2,대구,1189.0,1094.0,,,79.25,873
218.0,2015-03-01,1238,26493.0,1.1760437988606378,3,대구,1102.0,1219.0,81.7,980.0,81.7,1011
219.0,2015-04-01,1143,23610.0,1.0480653037066263,4,대구,1238.0,997.0,83.1,914.0,83.1,950
220.0,2015-05-01,1117,22935.0,1.0181015561419515,5,대구,1143.0,1028.0,82.0,902.0,82.0,916
221.0,2015-06-01,994,21345.0,0.9475202841007176,6,대구,1117.0,976.0,79.9,799.0,79.9,794
222.0,2015-07-01,965,21534.0,0.9559101334188266,7,대구,994.0,976.0,79.9,799.0,79.9,771
223.0,2015-08-01,1039,21496.0,0.9542232854077782,8,대구,965.0,1008.0,88.0,880.0,88.0,914
224.0,2015-09-01,1004,21375.0,0.9488520062147032,9,대구,1039.0,960.0,78.6,786.0,78.6,789
225.0,2015-10-01,1038,23050.0,1.0232064909122296,10,대구,1004.0,1062.0,81.5,815.0,81.5,846
226.0,2015-11-01,1112,22678.0,1.0066931366988088,11,대구,1038.0,1016.0,81.6,897.0,81.6,907
227.0,2015-12-01,1140,23410.0,1.0391871562800563,12,대구,1112.0,1171.0,85.8,944.0,85.8,978
228.0,2016-01-01,1127,24708.0,1.0968063330784976,1,대구,1140.0,1189.0,82.2,904.0,82.2,926
229.0,2016-02-01,1094,24601.0,1.0920565242052824,2,대구,1127.0,1102.0,81.0,891.0,81.0,886
230.0,2016-03-01,1240,25208.0,1.1190017016449234,3,대구,1094.0,1238.0,84.8,1018.0,84.8,1052
231.0,2016-04-01,1075,22830.0,1.0134405287430022,4,대구,1240.0,1143.0,80.5,886.0,80.5,865
232.0,2016-05-01,1168,23125.0,1.0265357961971937,5,대구,1075.0,1117.0,80.1,961.0,80.1,936
233.0,2016-06-01,1056,21350.0,0.947742237786382,6,대구,1168.0,994.0,78.5,864.0,78.5,829
234.0,2016-07-01,1058,22053.0,0.9789489259907764,7,대구,1056.0,965.0,88.6,886.0,88.6,937
235.0,2016-08-01,1065,22604.0,1.003408222150978,8,대구,1058.0,1039.0,77.1,848.0,77.1,821
236.0,2016-09-01,1068,22081.0,0.9801918666304964,9,대구,1065.0,1004.0,80.8,889.0,80.8,863
237.0,2016-10-01,1173,23610.0,1.0480653037066263,10,대구,1068.0,1038.0,82.2,986.0,82.2,964
238.0,2016-11-01,1121,23333.0,1.0357690695208266,11,대구,1173.0,1112.0,80.8,944.0,80.8,906
239.0,2016-12-01,1257,25324.0,1.1241510271523345,12,대구,1121.0,1140.0,80.8,1051.0,80.8,1016
240.0,2017-01-01,1198,25902.0,1.1498088732151224,1,대구,1257.0,1127.0,85.4,1025.0,85.4,1023
241.0,2017-02-01,1029,22884.0,1.0158376285481765,2,대구,1198.0,1094.0,87.8,878.0,87.8,903
242.0,2017-03-01,1229,24230.0,1.0755875607289946,3,대구,1029.0,1240.0,84.8,1017.0,84.8,1042
243.0,2017-04-01,1170,23142.0,1.027290438728452,4,대구,1229.0,1075.0,82.6,991.0,82.6,966
244.0,2017-05-01,1120,23766.0,1.0549902586993514,5,대구,1170.0,1168.0,85.5,940.0,85.5,958
245.0,2017-06-01,1063,21986.0,0.9759747466028756,6,대구,1120.0,1056.0,81.8,900.0,81.8,870
246.0,2017-07-01,1062,22245.0,0.987471947520284,7,대구,1063.0,1058.0,83.4,917.0,83.4,886
247.0,2017-08-01,1078,22846.0,1.014150780537128,8,대구,1062.0,1065.0,84.3,927.0,84.3,909
248.0,2017-09-01,1137,22622.0,1.004207255419369,9,대구,1078.0,1068.0,86.9,956.0,86.9,988
249.0,2017-10-01,1145,24624.0,1.093077511159338,10,대구,1137.0,1173.0,87.6,964.0,87.6,1003
250.0,2017-11-01,1087,24404.0,1.0833115489901106,11,대구,1145.0,1121.0,84.1,925.0,84.1,914
251.0,2017-12-01,1311,26883.0,1.1933561863424498,12,대구,1087.0,1257.0,84.5,1099.0,84.5,1108
252.0,2018-01-01,1595,31550.0,1.4005277565414682,1,대구,1311.0,1198.0,82.9,1327.0,82.9,1322
253.0,2018-02-01,1163,25001.0,1.109812819058423,2,대구,1595.0,1029.0,81.3,976.0,81.3,946
254.0,2018-03-01,1209,25252.0,1.1209548940787688,3,대구,1163.0,1229.0,88.2,1058.0,88.2,1066
255.0,2018-04-01,1104,23963.0,1.0637352339145232,4,대구,1209.0,1170.0,88.9,978.0,88.9,981
256.0,2018-05-01,1131,23996.0,1.0652001282399073,5,대구,1104.0,1120.0,87.6,964.0,87.6,991
257.0,2018-06-01,1064,22596.0,1.003053096253915,6,대구,1131.0,1063.0,84.5,930.0,84.5,899
258.0,2018-07-01,1130,23886.0,1.0603171471552937,7,대구,1064.0,1062.0,91.9,1011.0,91.9,1038
259.0,2018-08-01,1083,23937.0,1.062581074749069,8,대구,1130.0,1078.0,83.8,922.0,83.8,908
260.0,2018-09-01,1063,22906.0,1.016814224765099,9,대구,1083.0,1137.0,85.5,941.0,85.5,909
261.0,2018-10-01,1145,25010.0,1.1102123356926188,10,대구,1063.0,1145.0,91.8,1010.0,91.8,1051
262.0,2018-11-01,1113,24200.0,1.074255838615009,11,대구,1145.0,1087.0,89.5,984.0,89.5,996
263.0,2018-12-01,1270,26523.0,1.1773755209746233,12,대구,1113.0,1311.0,86.3,1122.0,86.3,1096
264.0,2019-01-01,1331,27366.0,1.2147969123776172,1,대구,1270.0,1595.0,84.2,1010.0,84.2,1121
265.0,2019-02-01,1093,22918.0,1.0173469136106932,2,대구,1331.0,1163.0,85.2,937.0,85.2,931
266.0,2019-03-01,1179,24985.0,1.1091025672642976,3,대구,1093.0,1209.0,83.3,999.0,83.3,982
267.0,2019-04-01,1087,23833.0,1.0579644380872524,4,대구,1179.0,1104.0,83.1,914.0,83.1,903
268.0,2019-05-01,1134,24756.0,1.0989370884608745,5,대구,1087.0,1131.0,89.4,983.0,89.4,1014
269.0,2019-06-01,1157,23056.0,1.0234728353350266,6,대구,1134.0,1064.0,88.5,1028.0,88.5,1024
270.0,2019-07-01,1079,23216.0,1.030575353276283,7,대구,1157.0,1130.0,88.2,962.0,88.2,952
271.0,2019-08-01,1084,23707.0,1.0523712052085132,8,대구,1079.0,1083.0,88.9,963.0,88.9,964
272.0,2019-09-01,1105,23570.0,1.0462896742213124,9,대구,1084.0,1063.0,90.1,987.0,90.1,996
273.0,2019-10-01,1097,25569.0,1.135026757749883,10,대구,1105.0,1145.0,91.3,1007.0,91.3,1002
274.0,2019-11-01,1193,25412.0,1.128057412020025,11,대구,1097.0,1113.0,88.6,1061.0,88.6,1057
275.0,2019-12-01,1213,26722.0,1.1862092776640607,12,대구,1193.0,1270.0,88.6,1080.0,88.6,1075
276.0,2020-01-01,1326,28430.0,1.2620286566869714,1,대구,1213.0,1331.0,89.5,1190.0,89.5,1187
277.0,2020-02-01,1247,25423.0,1.1285457101284866,2,대구,1326.0,1093.0,90.2,1124.0,90.2,1125
278.0,2020-03-01,1405,25850.0,1.147500554884214,3,대구,1247.0,1179.0,90.7,1272.0,90.7,1274
279.0,2020-04-01,1206,24674.0,1.0952970480159807,4,대구,1405.0,1087.0,90.3,1084.0,90.3,1089
280.0,2020-05-01,1095,24346.0,1.0807368862364053,5,대구,1206.0,1134.0,91.2,995.0,91.2,999
281.0,2020-06-01,1077,23638.0,1.0493082443463464,6,대구,1095.0,1157.0,88.4,949.0,88.4,952
282.0,2020-07-01,1160,23989.0,1.0648893930799772,7,대구,1077.0,1079.0,91.2,1057.0,91.2,1058
283.0,2020-08-01,1212,25289.0,1.1225973513526843,8,대구,1160.0,1084.0,92.0,1112.0,92.0,1115
284.0,2020-09-01,1132,24352.0,1.0810032306592023,9,대구,1212.0,1105.0,89.3,1017.0,89.3,1011
285.0,2020-10-01,1185,26488.0,1.1758218451749736,10,대구,1132.0,1097.0,91.8,1064.0,91.8,1088
286.0,2020-11-01,1190,25603.0,1.1365360428123998,11,대구,1185.0,1193.0,89.0,1064.0,89.0,1059
287.0,2020-12-01,1225,26866.0,1.1926015438111914,12,대구,1190.0,1213.0,91.2,1115.0,91.2,1117
288.0,2021-01-01,1289,27223.0,1.2084490369676193,1,대구,1225.0,1326.0,89.5,1152.0,89.5,1154
289.0,2021-02-01,1032,23787.0,1.0559224641791414,2,대구,1289.0,1247.0,89.9,938.0,89.9,928
290.0,2021-03-01,1245,26559.0,1.178973587511406,3,대구,1032.0,1405.0,88.9,1110.0,88.9,1107
291.0,2021-04-01,1208,25071.0,1.1129201706577228,4,대구,1245.0,1206.0,89.5,1078.0,89.5,1081
292.0,2021-05-01,1113,25567.0,1.134937976275617,5,대구,1208.0,1095.0,90.6,1004.0,90.6,1008
293.0,2021-06-01,1093,24381.0,1.0822905620360552,6,대구,1113.0,1077.0,90.3,984.0,90.3,987
294.0,2021-07-01,1185,25732.0,1.1422624479025376,7,대구,1093.0,1160.0,91.1,1082.0,91.1,1080
295.0,2021-08-01,1221,25918.0,1.150519125009248,8,대구,1185.0,1212.0,90.8,1109.0,90.8,1109
296.0,2021-09-01,1203,25662.0,1.139155096303238,9,대구,1221.0,1132.0,91.8,1103.0,91.8,1104
297.0,2021-10-01,1317,27750.0,1.231842955436632,10,대구,1203.0,1185.0,90.9,1197.0,90.9,1197
298.0,2021-11-01,1310,28366.0,1.2591876495104688,11,대구,1317.0,1190.0,91.7,1209.0,91.7,1201
299.0,2021-12-01,1344,31664.0,1.4055883005746137,12,대구,1310.0,1225.0,91.9,1242.0,91.9,1235
300.0,2022-01-01,1357,29842.0,1.3247083775185575,1,대구,1344.0,1289.0,92.0,1248.0,92.0,1248
301.0,2022-02-01,1329,29293.0,1.3003378628326223,2,대구,1357.0,1032.0,91.0,1207.0,91.0,1209
302.0,2022-03-01,2329,44616.0,1.980537127919308,3,대구,1329.0,1245.0,90.9,2119.0,90.9,2117
303.0,2022-04-01,1739,36681.0,1.62829662877013,4,대구,2329.0,1208.0,90.3,1582.0,90.3,1570
304.0,2022-05-01,1340,28902.0,1.282981084613677,5,대구,1739.0,1113.0,91.0,1220.0,91.0,1219
305.0,2022-06-01,1160,24910.0,1.1057732619793337,6,대구,1340.0,1093.0,92.0,1061.0,92.0,1067
306.0,2022-07-01,1208,26073.0,1.1573996892648402,7,대구,1160.0,1185.0,91.8,1104.0,91.8,1109
307.0,2022-08-01,1399,30040.0,1.3334977434708624,8,대구,1208.0,1221.0,91.4,1277.0,91.4,1279
308.0,2022-09-01,1415,29233.0,1.2976744186046512,9,대구,1399.0,1203.0,91.7,1298.0,91.7,1298
309.0,2022-10-01,1376,29790.0,1.3224000591876497,10,대구,1415.0,1317.0,92.8,1270.0,92.8,1277
310.0,2022-11-01,1384,30156.0,1.3386470689782732,11,대구,1376.0,1310.0,91.9,1268.0,91.9,1272
311.0,2022-12-01,1556,33403.0,1.4827837924486424,12,대구,1384.0,1344.0,93.8,1445.0,93.8,1460
312.0,2023-01-01,1527,32658.0,1.449712693284668,1,대구,1556.0,1357.0,92.5,1369.0,92.5,1412
313.0,2023-02-01,1265,27350.0,1.2140866605834917,2,대구,1527.0,1329.0,93.0,1136.0,93.0,1176
314.0,2023-03-01,1351,28944.0,1.2848454955732571,3,대구,1265.0,2329.0,92.9,1212.0,92.9,1255
315.0,2023-04-01,1232,27539.0,1.2224765099016006,4,대구,1351.0,1739.0,94.2,1133.0,94.2,1161
316.0,2023-05-01,1354,28876.0,1.281826925448223,5,대구,1232.0,1340.0,94.9,1253.0,94.9,1285
317.0,2023-06-01,1226,26794.0,1.189405410737626,6,대구,1354.0,1160.0,95.0,1154.0,95.0,1165
318.0,2023-07-01,1301,28141.0,1.2491997336555771,7,대구,1226.0,1208.0,93.0,1213.0,93.0,1210
319.0,2023-08-01,1483,30523.0,1.3549384695060298,8,대구,1301.0,1399.0,93.3,1390.0,93.3,1384
320.0,2023-09-01,1357,28293.0,1.2559471256997703,9,대구,1483.0,1415.0,92.9,1262.0,92.9,1261
321.0,2023-10-01,1353,30793.0,1.3669239685318997,10,대구,1357.0,1376.0,93.5,1266.0,93.5,1265
322.0,2023-11-01,1465,30364.0,1.3478803423019063,11,대구,1353.0,1384.0,94.3,1372.0,94.3,1381
323.0,2023-12-01,1642,32236.0,1.4309798022146043,12,대구,1465.0,1556.0,93.1,1481.0,93.1,1529
